,folds,test_auc,test_acc
0,0,0.8096774193548387,0.7654320987654322
1,1,0.8177358490566038,0.6504854368932038
2,2,0.7900635664101706,0.7545454545454545
3,3,0.7952178030303029,0.75
4,4,0.8215488215488215,0.8170731707317074
5,5,0.828360768175583,0.7592592592592593
6,6,0.8375706214689267,0.8130841121495327
7,7,0.8596837944664031,0.8548387096774194
8,8,0.5884097035040431,0.6818181818181819
9,9,0.8179442508710801,0.8244274809160306
